round,cond,label,epoch,fp,lifemax,committed,live,slack,blockspace,t100_dirty,t100_swapped,malloc_dirty,malloc_swapped,arenas128,load1
1,A,pre,1790707852,300,336.8,444,133,110,159,191,52,14,18,7,36.97
1,B,pre,1790707852,311,343.6,446,128,128,154,196,59,15,17,7,36.97
1,C,pre,1790707852,222,225.5,4,0,0,0,0,0,165,38,0,36.97
1,D,pre,1790707852,216,230.0,4,0,0,0,0,0,169,33,0,36.97
1,A,+1m,1790707946,436,1457.3,1922,130,246,167,275,101,15,19,15,23.08
1,B,+1m,1790707946,451,1375.8,1818,127,265,165,309,83,15,18,15,23.08
1,C,+1m,1790707946,183,1779.9,4,0,0,0,0,0,115,44,0,23.08
1,D,+1m,1790707946,180,1796.6,4,0,0,0,0,0,97,60,0,23.08
1,A,+5m,1790708186,466,1457.3,1922,128,276,168,321,83,20,15,15,43.15
1,B,+5m,1790708186,469,1375.8,1818,125,284,162,348,61,17,17,15,43.15
1,C,+5m,1790708186,223,1779.9,4,0,0,0,0,0,182,30,0,43.15
1,D,+5m,1790708186,217,1796.6,4,0,0,0,0,0,163,42,0,43.15
1,A,+15m,1790708786,417,1457.3,1922,135,220,172,156,199,15,20,15,11.97
1,B,+15m,1790708786,456,1375.8,1818,131,264,169,181,214,15,19,15,11.97
1,C,+15m,1790708786,241,1779.9,4,0,0,0,0,0,198,51,0,11.97
1,D,+15m,1790708786,227,1796.6,4,0,0,0,0,0,171,50,0,11.97
1,A,+16m,1790708846,411,1457.3,1922,139,210,174,126,223,12,23,15,18.14
1,B,+16m,1790708847,453,1375.8,1818,137,251,171,128,259,12,22,15,18.14
1,C,+16m,1790708847,272,1779.9,4,0,0,0,0,0,139,127,0,18.14
1,D,+16m,1790708847,230,1796.6,4,0,0,0,0,0,144,78,0,18.14
2,D,pre,1790712091,159,191.9,4,0,0,0,0,0,100,45,0,46.77
2,C,pre,1790712091,161,191.6,4,0,0,0,0,0,97,49,0,46.77
2,B,pre,1790712091,307,317.0,411,115,145,138,105,155,14,14,6,46.77
2,A,pre,1790712092,272,326.3,416,113,113,136,103,123,14,14,6,46.77
2,D,+1m,1790712181,1480,2294.5,4,0,0,0,0,0,1254,201,0,13.97
2,C,+1m,1790712181,794,1729.1,4,0,0,0,0,0,682,125,0,13.97
2,B,+1m,1790712181,455,1454.1,1776,114,284,149,236,162,14,15,14,13.97
2,A,+1m,1790712181,357,1315.9,1809,112,191,138,169,134,14,15,14,13.97
2,D,+5m,1790712421,175,2294.5,4,0,0,0,0,0,100,51,0,4.46
2,C,+5m,1790712421,172,1729.1,4,0,0,0,0,0,100,48,0,4.46
2,B,+5m,1790712422,430,1454.1,1776,118,255,149,179,194,12,17,14,4.46
2,A,+5m,1790712422,367,1315.9,1809,115,196,143,173,139,12,17,14,4.46
2,D,+15m,1790713022,282,2294.5,4,0,0,0,0,0,259,27,0,45.84
2,C,+15m,1790713022,382,1729.1,4,0,0,0,0,0,328,31,0,45.84
2,B,+15m,1790713022,426,1454.1,1776,135,242,175,213,164,14,17,14,45.84
2,A,+15m,1790713022,432,1315.9,1809,163,213,206,253,123,14,17,14,45.84
2,D,+16m,1790713081,282,2294.5,4,0,0,0,0,0,260,26,0,25.95
2,C,+16m,1790713081,382,1729.1,4,0,0,0,0,0,329,30,0,25.95
2,B,+16m,1790713082,428,1454.1,1776,127,242,167,206,164,14,17,14,25.95
2,A,+16m,1790713082,437,1315.9,1809,163,217,207,263,118,14,16,14,25.95
3,B,pre,1790713624,305,347.0,405,112,137,132,162,87,12,20,6,27.87
3,D,pre,1790713624,177,195.2,4,0,0,0,0,0,105,49,0,27.87
3,A,pre,1790713624,276,312.8,399,111,112,133,144,80,11,19,6,27.87
3,C,pre,1790713624,186,197.4,4,0,0,0,0,0,116,49,0,27.87
3,B,+1m,1790713720,452,1463.4,2190,117,273,156,265,125,14,20,22,11.97
3,D,+1m,1790713720,168,1976.6,4,0,0,0,0,0,107,37,0,11.97
3,A,+1m,1790713720,419,1352.8,2050,116,247,155,267,96,13,19,22,11.97
3,C,+1m,1790713720,534,1982.8,4,0,0,0,0,0,473,39,0,11.97
3,B,+5m,1790713959,458,1463.4,2190,122,274,158,270,126,14,20,22,15.19
3,D,+5m,1790713959,243,1976.6,4,0,0,0,0,0,189,41,0,15.19
3,A,+5m,1790713959,436,1352.8,2050,121,258,160,281,97,14,19,22,15.19
3,C,+5m,1790713959,241,1982.8,4,0,0,0,0,0,186,48,0,15.19
3,B,+15m,1790714559,380,1463.4,2198,114,211,145,83,242,11,24,22,5.47
3,D,+15m,1790714559,211,1976.6,4,0,0,0,0,0,59,133,0,5.47
3,A,+15m,1790714559,348,1352.8,2050,114,184,140,85,213,11,22,22,5.47
3,C,+15m,1790714559,232,1982.8,4,0,0,0,0,0,59,157,0,5.47
3,B,+16m,1790714619,380,1463.4,2198,114,211,145,83,242,11,24,22,5.87
3,D,+16m,1790714620,212,1976.6,4,0,0,0,0,0,77,117,0,5.87
3,A,+16m,1790714620,348,1352.8,2050,114,183,139,85,212,11,22,22,5.87
3,C,+16m,1790714620,235,1982.8,4,0,0,0,0,0,77,142,0,5.87
4,E,pre,1790716084,204,253.3,314,82,71,93,94,59,12,18,7,4.61
4,A,pre,1790716084,204,249.2,347,89,61,102,90,60,13,19,7,4.61
4,C,pre,1790716085,140,206.6,4,0,0,0,0,0,88,31,0,4.61
4,G,pre,1790716085,246,249.3,307,81,114,92,105,90,14,15,6,4.61
4,E,+1m,1790716255,279,1672.1,2830,84,139,105,98,126,12,20,23,13.33
4,A,+1m,1790716255,289,1460.3,2723,93,137,118,104,126,13,21,23,13.33
4,C,+1m,1790716255,362,2657.4,4,0,0,0,0,0,75,264,0,13.33
4,G,+1m,1790716255,363,1468.5,2396,91,218,108,138,171,14,17,22,13.33
4,E,+5m,1790716495,274,1672.1,2830,85,133,105,76,142,11,21,23,7.04
4,A,+5m,1790716495,292,1460.3,2723,95,138,120,81,152,12,22,23,7.04
4,C,+5m,1790716496,363,2657.4,4,0,0,0,0,0,73,267,0,7.04
4,G,+5m,1790716496,365,1468.5,2396,91,220,109,131,181,12,20,22,7.04
4,E,+15m,1790717095,276,1672.1,2830,85,134,107,48,170,11,22,23,10.55
4,A,+15m,1790717095,276,1460.3,2723,93,125,117,54,163,11,23,23,10.55
4,C,+15m,1790717095,369,2657.4,4,0,0,0,0,0,53,293,0,10.55
4,G,+15m,1790717096,367,1468.5,2396,91,220,111,50,261,11,21,22,10.55
