round,cond,label,epoch,etime_s,phys_fp,t100_ds,malloc_ds,sys_inuse,rust_live,threads_seen,tokio_started,tokio_stopped,cpu_s,nthreads,load1
1,A,idle5,1790163695,298,322979472,267862016,30769152,18482416,185610195,4863,26,4,54.63,50,89.55
1,B,idle5,1790163695,298,346444456,296697856,32243712,18380448,178877003,4850,25,5,53.44,47,89.55
1,C,idle5,1790163696,299,271238680,98304,245841920,211806896,182074198,4852,24,2,54.85,49,89.55
1,D,idle5,1790163696,298,334841536,277938176,31490048,19939104,182022970,4862,25,0,55.45,52,89.55
1,E,idle5,1790163697,299,270059008,98304,244367360,210590656,180599712,4905,23,0,55,50,89.55
1,A,idle10,1790164036,639,293258896,243908608,30539776,18466112,147054720,5083,32,10,136.83,47,89.28
1,B,idle10,1790164037,640,311726760,261636096,30064640,19370736,147597994,5139,30,9,128.13,47,89.28
1,C,idle10,1790164037,640,219629080,98304,200392704,173351520,147815307,5122,33,12,129.48,47,89.28
1,D,idle10,1790164037,639,317998808,264650752,31621120,21218880,147642483,5359,25,0,136.17,50,89.28
1,E,idle10,1790164037,639,240403992,98304,223199232,198085712,171710330,5014,23,0,131.4,50,89.28
1,A,post-rescan,1790164717,1320,284542656,231063552,31113216,18439536,133267942,5101,36,13,386.74,48,75.82
1,B,post-rescan,1790164718,1321,324637328,268713984,30605312,19181920,133239386,5166,32,12,379.51,45,75.82
1,C,post-rescan,1790164718,1321,253822608,98304,231424000,157044912,132710708,5185,33,14,379.68,45,75.82
1,D,post-rescan,1790164719,1321,302040864,245891072,32309248,21328704,132312676,5529,25,0,384.2,51,75.82
1,E,post-rescan,1790164719,1321,256132704,98304,233390080,159284848,132540526,5133,23,0,386.52,49,75.82
1,A,burst1,1790164980,1583,964824016,896532480,32014336,19326592,815094053,7183,41,21,472.95,65,28.41
1,B,burst1,1790164980,1583,1007800904,937476096,32342016,20418768,744525914,7235,37,17,463.51,66,28.41
1,C,burst1,1790164981,1584,823019656,98304,787595264,618214288,658042064,7321,39,18,471.96,64,28.41
1,D,burst1,1790164981,1583,1159105752,886210560,34488320,22672976,814776443,7590,25,0,470.53,71,28.41
1,E,burst1,1790164981,1583,955844816,98304,919453696,785748944,814469147,6956,23,0,473.4,69,28.41
1,A,burst2,1790165151,1754,2208288680,1366048768,48627712,21029728,1474794439,7380,46,23,549,67,74.24
1,B,burst2,1790165152,1755,1411454136,1062600704,49037312,22067472,1149586460,7615,40,17,528.89,67,74.24
1,C,burst2,1790165152,1755,939461200,98304,1214382080,1540497024,1643301538,7681,43,20,535.26,68,74.24
1,D,burst2,1790165153,1755,1816235896,1533329408,49758208,23475824,1921295994,7933,25,0,533.42,72,74.24
1,E,burst2,1790165154,1756,1042860624,98304,1295220736,1647984272,1812311722,7109,24,0,526.27,69,74.24
1,A,burst3,1790165320,1923,1446793200,1357414400,49430528,21901152,1461858656,7484,55,27,558.78,73,309.00
1,B,burst3,1790165322,1924,1541477728,1453064192,49561600,22330640,1654380345,7723,52,22,538.89,76,309.00
1,C,burst3,1790165323,1926,960039360,98304,1041514496,1150526256,1042894620,7749,59,25,544.21,79,309.00
1,D,burst3,1790165326,1928,1359613864,1238269952,50364416,24188288,1533797684,8121,29,0,544.11,78,309.00
1,E,burst3,1790165328,1930,1020283232,98304,1014595584,1102673424,1057567071,7167,31,0,534.62,77,309.00
1,A,settled,1790165914,2517,895832024,793231360,52232192,24589776,542143129,15492,68,43,714.17,66,9.22
1,B,settled,1790165915,2518,947737616,858177536,52150272,24943056,551812981,10571,68,43,662.08,67,9.22
1,C,settled,1790165915,2518,724338992,98304,689700864,572106928,539684671,9790,68,45,661.54,65,9.22
1,D,settled,1790165915,2517,820629512,723697664,53116928,25850688,542048318,10583,29,0,684.19,72,9.22
1,E,settled,1790165915,2517,735955176,98304,695975936,578556672,541031394,13148,31,0,694.38,74,9.22
2,A,idle5,1790166208,273,355157888,257998848,52363264,18910064,121737695,25600,25,0,87.3,50,5.87
2,B,idle5,1790166208,273,565890240,498499584,54018048,19539344,122042405,25603,26,0,92.85,50,5.87
2,C,idle5,1790166208,273,202983248,98304,172081152,146725792,121949446,25604,25,0,89.23,50,5.87
2,D,idle5,1790166208,273,362579816,263700480,53297152,19855568,120109054,25605,25,0,97.51,50,5.87
2,E,idle5,1790166208,273,213157592,98304,169181184,145489248,120154325,25605,28,0,87.82,53,5.87
2,A,idle10,1790166539,604,325371776,257458176,44924928,18605968,128237363,25623,25,4,112.95,49,80.19
2,B,idle10,1790166540,605,379309248,312311808,42811392,18815984,128148506,25624,26,4,119.34,48,80.19
2,C,idle10,1790166540,605,197986176,98304,175751168,153112800,128160059,25625,25,3,115.69,48,80.19
2,D,idle10,1790166540,605,309593960,237518848,48545792,19970672,126394069,25625,25,0,122.48,51,80.19
2,E,idle10,1790166541,606,196904664,98304,173981696,153288368,126871885,25625,28,0,113.27,54,80.19
2,A,post-rescan,1790167336,1401,352356272,278446080,46923776,20723616,157514108,25636,26,4,346.82,48,30.58
2,B,post-rescan,1790167336,1401,394382576,336691200,45006848,20788752,157304112,25634,26,4,356.96,48,30.58
2,C,post-rescan,1790167336,1401,286984208,98304,264110080,184825424,157731183,25637,25,3,352.31,48,30.58
2,D,post-rescan,1790167336,1401,346556312,266682368,51068928,22265520,155497880,25638,25,0,358.31,50,30.58
2,E,post-rescan,1790167337,1401,259245976,98304,235536384,183776432,155316675,25635,28,0,350.07,54,30.58
2,A,burst1,1790167438,1503,0,0,0,0,640811454,27198,32,5,369.78,73,79.63
2,B,burst1,1790167448,1513,0,0,0,0,641368134,27203,39,13,379.96,73,79.63
2,C,burst1,1790167453,1518,710674976,98304,692207616,692917424,643401169,27219,50,9,375.86,88,79.63
2,D,burst1,1790167456,1521,906284104,825589760,52985856,24185328,642774428,27198,29,0,381.86,76,79.63
2,E,burst1,1790167457,1522,703449560,98304,691290112,697037280,642863411,27210,47,0,373.39,94,79.63
2,A,burst2,1790167554,1619,1264372928,1188642816,49152000,20600080,1078766757,27289,42,20,376.08,69,100.84
2,B,burst2,1790167554,1619,1195626792,1132429312,46530560,20045376,1082203046,27287,42,21,386.18,69,100.84
2,C,burst2,1790167554,1619,1008569128,98304,1082884096,1133029200,1082095820,27302,52,31,381.29,69,100.84
2,D,burst2,1790167555,1620,1348750432,1264533504,53215232,24430048,1079230518,27279,29,0,387.25,75,100.84
2,E,burst2,1790167556,1621,1074203360,98304,1091944448,1165346336,1079041878,27291,47,0,378.92,95,100.84
2,A,burst3,1790167658,1723,921275560,845971456,49152000,19250864,656009753,27473,48,24,398.89,70,82.94
2,B,burst3,1790167658,1723,1058525672,920485888,46530560,19848464,655670390,27470,47,23,409.54,70,82.94
2,C,burst3,1790167658,1723,1695927584,98304,1677672448,738999904,655507834,27482,54,32,403.95,69,82.94
2,D,burst3,1790167658,1723,1105284240,952188928,53395456,24424672,724695565,27457,29,0,420.69,75,82.94
2,E,burst3,1790167658,1723,1697402072,98304,1674264576,742797808,652992448,27469,47,0,401.54,93,82.94
2,A,settled5,1790167965,2030,823938240,735215616,62472192,20750048,562100694,27502,48,24,557.16,68,16.67
2,B,settled5,1790167966,2031,879727080,792952832,63913984,20853664,561696402,27499,47,23,570.61,68,16.67
2,C,settled5,1790167966,2031,1075809040,98304,1051279360,591711520,561404529,27509,54,32,560.1,67,16.67
2,D,settled5,1790167966,2031,972016808,853458944,66879488,25431664,628084826,27498,29,0,597.65,74,16.67
2,E,settled5,1790167967,2032,670927344,98304,644497408,599244752,559651820,27500,47,0,560.68,92,16.67
2,A,settled,1790168257,2322,843320512,751075328,63963136,22650192,567568436,27613,48,24,635.93,67,31.21
2,B,settled,1790168257,2322,834867760,742506496,65306624,23144016,566804253,27654,47,23,656.48,67,31.21
2,C,settled,1790168257,2322,1093602064,98304,1065254912,600820304,568181947,27645,54,32,633.88,67,31.21
2,D,settled,1790168257,2322,953633984,838631424,69681152,27485184,622923652,27821,29,0,655.88,72,31.21
2,E,settled,1790168258,2323,979012296,98304,946847744,603020240,566238934,27652,47,0,642.43,91,31.21
2,A,settled13,1790168469,2534,845860032,753254400,64143360,23043408,566171421,27658,48,24,652.9,68,14.82
2,B,settled13,1790168469,2534,809062960,716587008,65372160,23253872,566197906,27698,47,23,671.68,67,14.82
2,C,settled13,1790168469,2534,755731144,98304,725270528,599327088,566388187,27690,54,32,650.41,67,14.82
2,D,settled13,1790168470,2535,944327872,833077248,69730304,27367904,621588360,27866,29,0,674.23,73,14.82
2,E,settled13,1790168470,2535,798919344,98304,764510208,601765152,564921813,27697,47,0,657.95,90,14.82
3,A,idle5,1790168752,273,286983800,229883904,38453248,17265072,182052171,55,27,0,121.45,54,11.03
3,B,idle5,1790168753,273,293538360,264437760,38666240,17397600,175130833,55,27,0,121.79,54,11.03
3,C,idle5,1790168754,274,284739168,98304,290013184,173307264,172020987,54,26,0,119.88,54,11.03
3,D,idle5,1790168754,274,281314888,233521152,39223296,17440864,146695620,54,26,0,120.69,53,11.03
3,E,idle5,1790168755,275,285443632,98304,292667392,173180512,146504108,56,28,0,120.68,55,11.03
3,A,idle10,1790169079,600,294274680,196722688,39010304,17629952,134083978,55,27,0,254.68,53,18.01
3,B,idle10,1790169080,600,285592120,226066432,39223296,17783056,134269362,55,27,0,255.86,53,18.01
3,C,idle10,1790169080,600,282265160,98304,263405568,158268288,134039221,54,26,0,252.64,52,18.01
3,D,idle10,1790169080,600,267634248,215171072,30883840,17626048,133889726,54,26,0,252.67,51,18.01
3,E,idle10,1790169080,600,282789448,98304,263438336,158831248,134208010,56,28,0,252.92,53,18.01
3,A,post-rescan,1790169392,913,345179864,261636096,49299456,16384736,166872426,1438,30,10,304.15,47,132.84
3,B,post-rescan,1790169393,913,358697576,297435136,39600128,16617024,190204449,57,29,9,301.27,45,132.84
3,C,post-rescan,1790169393,913,255559264,98304,248954880,231781456,186304098,59,30,8,303.19,48,132.84
3,D,post-rescan,1790169393,913,368740056,290979840,40910848,17966928,195678823,54,26,0,300.9,52,132.84
3,E,post-rescan,1790169393,913,308282976,98304,279773184,214979936,195665420,56,28,0,301.98,54,132.84
3,A,burst1,1790169496,1017,0,0,0,0,1034735608,2381,36,12,324.65,72,88.10
3,B,burst1,1790169502,1022,0,0,0,0,963121556,3261,34,10,323.41,71,88.10
3,C,burst1,1790169508,1028,836143312,98304,854720512,923373568,884197345,232,34,11,326.95,71,88.10
3,D,burst1,1790169538,1058,1219545920,1149648896,43040768,19754992,1264991701,168,27,0,321.43,70,88.10
3,E,burst1,1790169554,1074,0,0,0,0,1023991947,1505,28,0,325.05,73,88.10
3,A,burst2,1790169669,1190,0,0,0,0,712680157,2445,49,26,334.74,71,119.13
3,B,burst2,1790169672,1192,1594593624,1527742464,52412416,19358096,1450547256,3341,47,23,337.38,72,119.13
3,C,burst2,1790169674,1194,1235208904,98304,1257701376,1539639728,1099233322,316,48,23,340.56,71,119.13
3,D,burst2,1790169675,1195,1205423704,1138786304,44613632,20716752,1081888428,237,27,0,336.93,71,119.13
3,E,burst2,1790169676,1196,1199000120,98304,1188134912,1139170576,1061228023,1842,28,0,336.4,75,119.13
3,A,burst3,1790169769,1290,1207815720,1124073472,52150272,19449568,1191434825,2514,51,26,361.72,73,92.36
3,B,burst3,1790169774,1292,1011340400,948994048,52641792,19923664,656618396,3891,48,23,365.07,72,92.36
3,C,burst3,1790169774,1294,2345897512,98304,2326216704,853009024,699527055,408,49,23,369.36,71,92.36
3,D,burst3,1790169775,1295,891703208,822837248,45023232,21009152,681390919,333,27,0,367.2,71,92.36
3,E,burst3,1790169775,1295,2487373592,98304,2587918336,1448577664,1283042839,1934,28,0,363.11,76,92.36
3,A,settled5,1790170084,1605,927518800,847806464,55656448,20126096,683810619,2703,64,40,408.18,67,160.33
3,B,settled5,1790170084,1604,938529952,853950464,54902784,19102336,669761198,5929,70,47,402.73,68,160.33
3,C,settled5,1790170084,1604,842942696,98304,823066624,841717696,674978506,461,57,35,423.76,67,160.33
3,D,settled5,1790170085,1605,982421416,908050432,48496640,23086976,652942456,429,29,0,417.85,75,160.33
3,E,settled5,1790170085,1605,865503440,98304,845053952,731860608,671913624,2534,28,0,410.08,73,160.33
3,A,settled,1790170397,1918,890556448,811220992,55656448,19686096,658240281,2717,78,55,440.34,65,157.88
3,B,settled,1790170398,1918,935957616,851017728,55115776,19102720,611704492,5940,80,59,440.07,69,157.88
3,C,settled,1790170399,1919,870680832,98304,850051072,880538640,713232044,478,71,50,461.43,66,157.88
3,D,settled,1790170399,1919,957042576,882819072,48562176,23187296,644642131,445,29,0,455.66,74,157.88
3,E,settled,1790170399,1919,768575696,98304,745340928,687050208,633180071,2534,28,0,432.25,74,157.88
4,A,idle5,1790171142,264,288654872,231227392,34799616,18121424,123848295,696,26,4,24.9,47,48.54
4,B,idle5,1790171142,264,270109864,220758016,27639808,18551552,123613107,694,27,4,25.37,48,48.54
4,C,idle5,1790171143,264,189597064,98304,167673856,148318480,123839001,697,27,3,25.16,49,48.54
4,D,idle5,1790171143,264,305464976,246628352,36667392,19456752,123569204,704,25,0,25.47,50,48.54
4,E,idle5,1790171143,263,188614096,98304,165183488,148166816,123220698,691,22,0,25.23,48,48.54
4,A,idle10,1790171449,571,332285632,268500992,44154880,22376384,128848533,905,77,55,72.56,49,94.42
4,B,idle10,1790171449,571,298699968,258048000,35307520,24015024,130664673,886,44,23,73.54,48,94.42
4,C,idle10,1790171453,574,225166800,98304,211959808,172321232,135768958,927,71,51,74.39,46,94.42
4,D,idle10,1790171454,575,354535152,279232512,48431104,32198480,135116767,883,26,0,72.02,52,94.42
4,E,idle10,1790171454,574,247219712,98304,219594752,174654848,142465381,857,24,0,73.5,51,94.42
4,A,post-rescan,1790172689,1811,584058920,513310720,44924928,24344048,346922118,1060,78,58,425.53,45,21.20
4,B,post-rescan,1790172689,1811,503074008,451936256,40583168,24089344,270519174,966,50,29,438.36,47,21.20
4,C,post-rescan,1790172689,1810,416532304,98304,406224896,262394816,225747977,1031,78,58,456.21,46,21.20
4,D,post-rescan,1790172689,1810,415287264,330416128,51363840,33748416,142882323,960,26,0,456.62,51,21.20
4,E,post-rescan,1790172689,1809,288835288,98304,265093120,183359456,144195377,1031,24,0,464.14,49,21.20
4,A,burst1,1790172788,1910,1163692696,1102364672,45531136,25519744,1145295418,1209,80,58,441.91,67,80.42
4,B,burst1,1790172792,1914,1370182048,1310162944,40960000,25498256,1197362364,2656,52,29,454.29,68,80.42
4,C,burst1,1790172793,1914,862734856,98304,1143472128,1453268912,1408245332,1155,80,58,469.5,65,80.42
4,D,burst1,1790172794,1915,1315687304,1229455360,52068352,35055712,1288693348,1082,26,0,469.38,69,80.42
4,E,burst1,1790172796,1916,840419704,98304,841646080,1055264048,1004825023,1153,24,0,476.66,67,80.42
4,A,burst2,1790172889,2011,1111871184,1040695296,45580288,25876864,908785876,1278,81,58,469.7,65,57.09
4,B,burst2,1790172890,2012,1475891400,1337081856,41091072,25513104,1036649723,2748,52,29,472.45,67,57.09
4,C,burst2,1790172892,2013,1895632136,98304,1898430464,1115418704,1013487703,2536,80,58,491.19,68,57.09
4,D,burst2,1790172893,2014,1119325856,1031356416,52412416,35298560,864525763,2515,26,0,492.11,76,57.09
4,E,burst2,1790172893,2013,1817955544,98304,1793048576,944423696,851636871,2591,24,0,504.69,72,57.09
4,A,burst3,1790172981,2103,970756008,899334144,45678592,25986864,700106427,7943,81,58,529.01,65,31.14
4,B,burst3,1790172981,2103,1074401648,963198976,41598976,25704592,813527890,2930,52,29,511.71,65,31.14
4,C,burst3,1790172981,2102,1505545096,98304,1484734464,851822432,777927226,2642,80,58,529.8,70,31.14
4,D,burst3,1790172982,2103,1016057600,927137792,52805632,35255456,693358542,2688,26,0,527.46,76,31.14
4,E,burst3,1790172982,2102,1546292056,98304,1520173056,893133728,660674507,5526,24,0,545.24,72,31.14
4,A,settled5,1790173266,2388,1024348072,918798336,82935808,25618944,781863661,7967,90,65,595.45,69,37.21
4,B,settled5,1790173275,2397,0,0,0,0,751088760,2979,61,38,598.96,65,37.21
4,C,settled5,1790173280,2401,0,0,0,0,783660584,2904,87,64,619.91,69,37.21
4,D,settled5,1790173282,2403,1083936512,989741056,65060864,35155968,762864696,2971,26,0,605.07,70,37.21
4,E,settled5,1790173283,2403,1149290992,98304,1120616448,845327856,677309957,5527,24,0,589.78,66,37.21
4,A,settled,1790173587,2709,978210752,868597760,86573056,26532752,639256018,8032,93,71,703.86,65,23.20
4,B,settled,1790173588,2710,1097601416,997507072,76677120,23664816,620971082,3010,66,42,703.81,66,23.20
4,C,settled,1790173588,2709,1185401376,98304,1161838592,666712960,625301297,3249,92,68,729.32,70,23.20
4,D,settled,1790173588,2709,1008504576,902463488,66633728,36043552,629635920,3371,26,0,720.76,70,23.20
4,E,settled,1790173589,2709,1195313624,98304,1160232960,855329696,693347216,5567,24,0,705.52,66,23.20
4,A,settled13,1790173709,2831,991694784,879771648,86638592,26539248,638579448,8073,93,71,721.18,65,12.07
4,B,settled13,1790173709,2831,1090212232,986071040,76824576,23967728,619852951,3052,66,42,726.28,66,12.07
4,C,settled13,1790173709,2830,803162488,98304,782319616,664975168,623273226,3342,92,68,758.77,67,12.07
4,D,settled13,1790173709,2830,1014451968,908279808,66732032,35963680,614085806,3701,26,0,733.57,69,12.07
4,E,settled13,1790173709,2829,924535256,98304,904478720,778118320,621122393,5630,24,0,751.39,66,12.07
5,A,idle5,1790174215,263,339134144,256753664,46415872,19041024,140817602,23940,25,0,57.11,49,10.60
5,B,idle5,1790174215,263,285756128,232144896,44728320,17408832,129605492,981,23,3,67.86,45,10.60
5,C,idle5,1790174215,263,192841168,98304,177651712,149675568,126453163,718,28,5,63.27,48,10.60
5,D,idle5,1790174215,263,289457808,221282304,45973504,18601600,129533585,989,28,0,64.17,53,10.60
5,E,idle5,1790174216,264,197248440,98304,180682752,152681248,126415082,741,27,0,63.43,52,10.60
5,A,idle10,1790174530,578,316098240,245579776,47529984,19303424,138906211,24025,35,13,87.69,47,22.51
5,B,idle10,1790174530,578,264948448,203554816,46186496,18959712,129047839,1074,27,5,97.93,47,22.51
5,C,idle10,1790174531,579,204736000,98304,183336960,153286752,129732429,803,33,12,89.66,48,22.51
5,D,idle10,1790174531,579,330663616,259735552,47104000,19898880,129627631,1062,28,0,94.57,53,22.51
5,E,idle10,1790174531,579,205964752,98304,184893440,158707360,129554365,814,27,0,94.26,53,22.51
5,A,post-rescan,1790175354,1402,404817672,331464704,49479680,18671088,195014144,24032,36,16,336.57,45,17.87
5,B,post-rescan,1790175355,1403,375950048,306364416,47972352,18647360,195875053,1080,28,8,346.29,45,17.87
5,C,post-rescan,1790175355,1403,312772240,98304,300548096,222974592,194197838,810,34,14,337.85,46,17.87
5,D,post-rescan,1790175355,1403,392922888,318521344,48529408,20838368,194393969,1068,28,0,340.94,54,17.87
5,E,post-rescan,1790175355,1403,324339296,98304,302596096,225839584,194321050,820,27,0,341.38,53,17.87
5,A,burst1,1790175439,1487,915917800,841449472,49905664,20081232,715944319,25520,37,16,368.52,64,22.44
5,B,burst1,1790175439,1487,1027674000,975732736,48381952,19981152,716744563,2543,28,8,377.12,64,22.44
5,C,burst1,1790175440,1488,1664764784,98304,1650835456,797300000,716057973,2298,35,14,368.46,65,22.44
5,D,burst1,1790175440,1488,953355288,877182976,49233920,22081216,716353003,2555,28,0,372.35,70,22.44
5,E,burst1,1790175440,1488,1674316704,98304,1651408896,800014256,716160254,2307,27,0,371.94,70,22.44
5,A,burst2,1790175471,1519,862309352,787365888,49938432,20189712,598606578,25617,37,16,409.8,61,18.75
5,B,burst2,1790175471,1519,871501928,805421056,48676864,20056816,588688239,2640,28,8,417.05,60,18.75
5,C,burst2,1790175471,1519,2182106424,98304,2156691456,628207024,594254912,2397,35,14,408.46,63,18.75
5,D,burst2,1790175472,1520,870698008,794476544,49496064,22261648,600853036,2653,28,0,412.54,70,18.75
5,E,burst2,1790175472,1520,753551520,98304,730234880,634724000,593795467,2405,27,0,412.02,69,18.75
5,A,burst3,1790175549,1597,917851424,773799936,84262912,21209584,543527603,28811,38,18,447.96,65,56.33
5,B,burst3,1790175550,1598,961467048,836435968,48889856,20700704,638274960,5867,29,8,453.25,66,56.33
5,C,burst3,1790175550,1598,863537384,98304,838909952,842594384,629443601,5609,38,16,443.05,68,56.33
5,D,burst3,1790175551,1599,890867216,740786176,84246528,22839008,541147495,5848,28,0,449.12,74,56.33
5,E,burst3,1790175551,1599,2657554176,98304,2627616768,753259648,629070031,5699,27,0,446.26,72,56.33
5,A,settled5,1790175846,1894,858606928,744652800,86671360,23323760,512575074,28841,41,18,559.14,65,22.20
5,B,settled5,1790175846,1894,798642880,698531840,83869696,22047952,513003230,6127,31,8,575.36,65,22.20
5,C,settled5,1790175847,1895,1157728680,98304,1137672192,723501776,512872695,5852,38,16,566.04,66,22.20
5,D,settled5,1790175847,1895,810618408,695205888,86622208,24328592,512348487,5926,28,0,565.64,70,22.20
5,E,settled5,1790175847,1895,866945256,98304,839581696,640849360,514209109,5717,27,0,565.02,70,22.20
5,A,settled,1790176050,2098,859786576,745226240,86884352,22907552,512080290,28868,41,19,586.56,67,127.19
5,B,settled,1790176051,2099,790008512,682688512,83869696,20651248,511776456,6153,31,12,581.85,62,127.19
5,C,settled,1790176051,2099,997411216,98304,969048064,723737488,512481736,5979,38,17,594.94,64,127.19
5,D,settled,1790176051,2099,830492200,714915840,86687744,24564784,511385204,5952,28,0,593.47,71,127.19
5,E,settled,1790176052,2100,923158808,98304,896335872,638855472,512398087,5746,27,0,581.66,70,127.19
5,A,settled13,1790176297,2345,859573584,745209856,86982656,23213200,511647580,29251,47,22,605.79,67,8.72
5,B,settled13,1790176297,2345,793744064,683311104,83918848,20813808,511224878,6500,32,12,595.66,62,8.72
5,C,settled13,1790176297,2345,999229840,98304,969113600,722289664,511552475,6316,38,18,608.79,64,8.72
5,D,settled13,1790176297,2345,832474664,716849152,86851584,24680112,510823738,6285,28,0,607.54,70,8.72
5,E,settled13,1790176298,2346,925731096,98304,896860160,637177024,511162818,6087,27,0,594.83,70,8.72
