round,cond,label,epoch,fp,lifemax,committed,peak_committed,live,slack,blockspace,t100_dirty,t100_swapped,arenas128,load1
1,H,pre,1790528872,222,242.2,289,289,88,94,99,80,101,6,10.02
1,X,pre,1790528872,204,226.6,305,305,87,72,99,85,74,7,10.02
1,K,pre,1790528872,211,227.3,288,288,88,83,99,78,93,7,10.02
1,H,burst3,1790528900,905,2176.5,2652,2652,491,361,514,787,65,22,9.44
1,X,burst3,1790528900,805,1971.1,2542,2542,491,258,516,695,53,23,9.44
1,K,burst3,1790528900,794,1390.9,1753,1753,490,253,517,688,55,15,9.44
1,H,+1m,1790528960,393,2176.5,2652,2652,95,246,117,166,175,22,8.45
1,X,+1m,1790528960,389,1971.1,2542,2542,94,239,118,170,163,23,8.45
1,K,+1m,1790528960,385,1390.9,1753,1753,94,240,119,161,173,15,8.45
1,H,+5m,1790529199,363,2176.5,2652,2652,101,210,123,73,238,22,50.98
1,X,+5m,1790529199,366,1971.1,2542,2542,102,208,126,72,238,23,50.98
1,K,+5m,1790529199,339,1390.9,1753,1753,98,190,121,68,220,15,50.98
1,H,+15m,1790530132,372,2176.5,2652,2652,101,214,125,88,227,22,4.14
1,X,+15m,1790530132,356,1971.1,2542,2542,101,194,129,83,212,23,4.14
1,K,+15m,1790530132,348,1390.9,1755,1755,102,190,130,90,202,15,4.14
2,F,pre,1790530794,230,261.4,314,314,87,97,101,55,130,7,7.81
2,H,pre,1790530794,206,229.1,295,295,87,73,101,52,107,6,7.81
2,K,pre,1790530794,209,238.3,306,306,88,71,98,66,92,7,7.81
2,F,burst3,1790530814,1001,1299.9,1913,1913,456,488,487,853,91,23,10.62
2,H,burst3,1790530814,1025,1761.3,2513,2513,456,513,486,897,71,22,10.62
2,K,burst3,1790530814,806,1382.1,2085,2085,456,288,483,667,77,23,10.62
2,F,+1m,1790530873,378,1299.9,1913,1913,92,229,118,229,92,23,7.62
2,H,+1m,1790530873,385,1761.3,2513,2513,92,241,121,259,74,22,7.62
2,K,+1m,1790530873,435,1382.1,2085,2085,92,281,118,284,89,23,7.62
2,F,+5m,1790531113,370,1299.9,1913,1913,93,225,116,220,97,23,3.39
2,H,+5m,1790531114,373,1761.3,2513,2513,92,227,119,234,85,22,3.39
2,K,+5m,1790531114,408,1382.1,2085,2085,92,252,116,255,89,23,3.39
2,F,+15m,1790531714,396,1299.9,1913,1913,95,245,119,246,94,23,6.87
2,H,+15m,1790531714,378,1761.3,2513,2513,94,227,120,240,81,22,6.87
2,K,+15m,1790531714,401,1382.1,2085,2085,94,247,118,259,82,23,6.87
3,H,pre,1790532207,242,264.1,378,378,118,72,136,156,34,7,8.68
3,K,pre,1790532207,269,292.2,370,370,120,98,141,163,54,6,8.68
3,F,pre,1790532207,247,270.7,373,373,117,80,137,141,56,7,8.68
3,H,burst3,1790532231,1089,2167.1,2555,2555,477,549,506,1001,26,23,8.29
3,K,burst3,1790532231,847,1414.3,1900,1900,479,305,513,742,42,14,8.29
3,F,burst3,1790532231,792,1341.6,1891,1891,479,252,512,697,34,15,8.29
3,H,+1m,1790532291,452,2167.1,2555,2555,126,264,155,363,26,23,5.23
3,K,+1m,1790532291,463,1414.3,1900,1900,127,273,160,355,45,14,5.23
3,F,+1m,1790532291,412,1341.6,1891,1891,124,228,153,314,38,15,5.23
3,H,+5m,1790532530,425,2167.1,2555,2555,123,240,151,291,72,23,9.35
3,K,+5m,1790532530,434,1414.3,1900,1900,123,251,155,291,83,14,9.35
3,F,+5m,1790532530,428,1341.6,1891,1891,123,241,153,266,97,15,9.35
3,H,+15m,1790533130,433,2167.1,2555,2555,124,247,152,299,72,23,3.20
3,K,+15m,1790533130,441,1414.3,1900,1900,125,254,157,299,80,14,3.20
3,F,+15m,1790533130,413,1341.6,1891,1891,124,228,154,262,90,15,3.20
4,K,pre,1790533625,228,245.4,335,335,105,76,122,182,0,7,3.45
4,F,pre,1790533625,243,243.9,339,339,107,85,123,192,0,7,3.45
4,H,pre,1790533625,236,244.5,323,323,103,81,116,185,0,7,3.45
4,K,burst3,1790533673,854,2159.7,2929,2929,516,278,565,794,0,31,27.05
4,F,burst3,1790533673,825,2113.0,2799,2799,522,237,567,760,0,23,27.05
4,H,burst3,1790533673,876,2026.6,2864,2864,511,300,554,812,0,23,27.05
4,K,+1m,1790533732,491,2159.7,2929,2929,166,260,210,420,6,31,15.51
4,F,+1m,1790533732,452,2113.0,2799,2799,173,214,213,381,5,23,15.51
4,H,+1m,1790533733,472,2026.6,2864,2864,164,243,202,405,2,23,15.51
4,K,+5m,1790533971,487,2159.7,2929,2929,163,265,208,422,6,31,2.53
4,F,+5m,1790533971,464,2113.0,2799,2799,169,227,210,390,6,23,2.53
4,H,+5m,1790533971,475,2026.6,2864,2864,165,243,202,406,3,23,2.53
4,K,+15m,1790534572,435,2159.7,2929,2929,163,213,203,186,190,31,11.04
4,F,+15m,1790534572,416,2113.0,2799,2799,162,188,196,192,157,23,11.04
4,H,+15m,1790534572,426,2026.6,2865,2865,162,202,196,187,177,23,11.04
5,N,pre,1790535067,237,279.0,334,334,93,98,111,192,0,6,2.60
5,H,pre,1790535067,242,276.5,372,372,92,99,113,191,0,7,2.60
5,F,pre,1790535067,265,291.6,351,351,98,115,119,213,0,7,2.60
5,N,burst3,1790535087,322,904.2,1242,1242,90,179,116,269,0,14,3.34
5,H,burst3,1790535087,805,1945.8,2422,2422,430,312,461,743,0,23,3.34
5,F,burst3,1790535087,769,1366.3,1809,1809,446,260,480,707,0,15,3.34
5,N,+1m,1790535146,331,904.2,1242,1242,90,187,117,277,0,14,2.54
5,H,+1m,1790535146,431,1945.8,2422,2422,94,273,122,368,0,23,2.54
5,F,+1m,1790535146,443,1366.3,1809,1809,103,277,136,380,0,15,2.54
5,N,+5m,1790535387,341,904.2,1242,1242,90,195,117,286,0,14,2.49
5,H,+5m,1790535387,436,1945.8,2422,2422,94,282,123,377,0,23,2.49
5,F,+5m,1790535387,428,1366.3,1809,1809,103,261,135,364,0,15,2.49
5,N,+15m,1790535987,338,904.2,1242,1242,91,188,116,278,1,14,2.78
5,H,+15m,1790535987,428,1945.8,2422,2422,95,271,122,287,79,23,2.78
5,F,+15m,1790535987,430,1366.3,1809,1809,103,266,134,370,0,15,2.78
6,S,pre,1790536473,217,260.3,292,292,92,74,107,167,0,7,2.33
6,F,pre,1790536473,239,262.2,293,293,94,94,110,189,0,6,2.33
6,H,pre,1790536473,236,263.5,311,311,96,89,112,185,0,7,2.33
6,S,burst3,1790536492,618,1199.8,1596,1596,439,126,457,565,0,15,4.81
6,F,burst3,1790536492,756,1325.6,1684,1684,440,258,470,698,0,14,4.81
6,H,burst3,1790536492,980,1916.0,2238,2238,431,488,463,919,0,23,4.81
6,S,+1m,1790536552,615,1199.8,1596,1596,95,466,114,562,0,15,3.41
6,F,+1m,1790536552,423,1325.6,1684,1684,96,268,126,364,0,14,3.41
6,H,+1m,1790536552,429,1916.0,2238,2238,96,271,127,368,0,23,3.41
6,S,+5m,1790536792,277,1199.8,1601,1601,95,128,114,209,15,15,2.64
6,F,+5m,1790536793,395,1325.6,1684,1684,98,237,126,292,43,14,2.64
6,H,+5m,1790536793,408,1916.0,2238,2238,98,247,126,345,0,23,2.64
6,S,+15m,1790537393,277,1199.8,1601,1601,96,128,115,203,20,15,2.02
6,F,+15m,1790537393,380,1325.6,1684,1684,99,221,126,272,47,14,2.02
6,H,+15m,1790537393,408,1916.0,2238,2238,99,243,126,343,0,23,2.02
