round,binary,load_avg_5m,query,matches,allocs_full,allocs_scan,allocs_scan_no_excludes,min_ms,median_ms,max_ms
0,before-mimalloc,43.79,no match,0,1084779,844911,849572,38.9,56.7,64.3
0,before-mimalloc,43.79,rare literal,524,1119942,1342979,1375308,68.0,92.2,98.9
0,before-mimalloc,43.79,word,2790,1555307,1899484,1301566,90.7,97.5,122.1
0,before-mimalloc,43.79,extension,36494,2315549,2779570,1176237,68.0,84.5,108.2
0,before-mimalloc,43.79,one letter,1893804,93007587,91857647,1954569,502.8,515.8,554.7
0,after-mimalloc,42.52,no match,0,6621,6613,6476,8.4,8.6,9.0
0,after-mimalloc,42.52,rare literal,524,7701,7358,7279,13.9,14.7,16.4
0,after-mimalloc,42.52,word,2790,9176,8733,8205,14.1,14.7,15.5
0,after-mimalloc,42.52,extension,36494,74698,74331,6984,19.2,23.0,25.5
0,after-mimalloc,42.52,one letter,1893804,272068,216266,8720,257.6,268.6,281.1
0,before-system,40.71,no match,0,1464075,1714157,1622811,82.3,100.5,109.9
0,before-system,40.71,rare literal,524,2061512,1176192,2677613,130.7,139.5,150.9
0,before-system,40.71,word,2790,2593488,2869186,3172878,113.7,150.2,181.2
0,before-system,40.71,extension,36494,3231309,2993875,2760793,108.3,152.1,169.3
0,before-system,40.71,one letter,1893804,93202653,91997372,3224352,555.7,575.5,593.5
0,after-system,37.35,no match,0,6613,6611,6476,9.3,9.4,10.6
0,after-system,37.35,rare literal,524,7702,7352,7279,14.2,16.3,18.7
0,after-system,37.35,word,2790,9176,8725,8210,14.3,15.0,15.5
0,after-system,37.35,extension,36494,74694,74332,6983,20.3,23.2,23.7
0,after-system,37.35,one letter,1893804,272068,216281,8734,251.2,256.2,272.9
1,after-mimalloc,34.52,no match,0,6613,6615,6477,8.2,8.6,8.9
1,after-mimalloc,34.52,rare literal,524,7702,7352,7279,13.5,16.2,16.8
1,after-mimalloc,34.52,word,2790,9174,8733,8208,14.2,14.4,14.9
1,after-mimalloc,34.52,extension,36494,74695,74335,6984,19.9,23.3,25.5
1,after-mimalloc,34.52,one letter,1893804,272085,216279,8734,255.7,263.0,278.5
1,before-system,31.83,no match,0,1781896,943867,1185320,85.4,91.9,113.2
1,before-system,31.83,rare literal,524,2284709,2335682,2266172,103.6,138.6,150.8
1,before-system,31.83,word,2790,3107712,2489641,2977138,119.5,145.3,178.6
1,before-system,31.83,extension,36494,3394777,3134683,2168886,111.8,134.3,168.7
1,before-system,31.83,one letter,1893804,93294180,92092966,2459604,587.6,596.8,631.2
1,after-system,29.22,no match,0,6624,6611,6478,8.7,9.1,9.6
1,after-system,29.22,rare literal,524,7712,7353,7278,14.7,15.5,17.9
1,after-system,29.22,word,2790,9157,8720,8203,15.8,16.2,35.4
1,after-system,29.22,extension,36494,74694,74329,6979,21.2,24.9,25.7
1,after-system,29.22,one letter,1893804,272014,216282,8721,265.3,273.3,279.3
1,before-mimalloc,28.48,no match,0,1041380,1008927,1041106,45.4,62.7,75.8
1,before-mimalloc,28.48,rare literal,524,1578269,1504024,1346498,69.1,94.3,104.9
1,before-mimalloc,28.48,word,2790,1602601,1755074,1792785,81.6,104.7,119.7
1,before-mimalloc,28.48,extension,36494,2345158,2318934,1388628,87.4,102.0,116.2
1,before-mimalloc,28.48,one letter,1893804,93043420,91853258,1722561,522.5,540.4,543.1
2,before-system,33.86,no match,0,1104351,1088342,1199268,49.3,64.3,72.3
2,before-system,33.86,rare literal,524,1390874,1413418,1562077,53.6,81.7,104.9
2,before-system,33.86,word,2790,2118554,2151759,1581880,80.1,92.7,111.9
2,before-system,33.86,extension,36494,2437527,2700060,1343573,70.0,92.4,106.0
2,before-system,33.86,one letter,1893804,93208514,91836504,1676043,565.8,583.4,627.8
2,after-system,34.93,no match,0,6615,6610,6476,8.8,10.3,10.8
2,after-system,34.93,rare literal,524,7712,7350,7280,15.6,16.8,18.5
2,after-system,34.93,word,2790,9169,8734,8204,15.4,16.5,18.6
2,after-system,34.93,extension,36494,74705,74333,6979,20.0,23.7,26.8
2,after-system,34.93,one letter,1893804,272020,216281,8680,269.9,276.8,315.8
2,before-mimalloc,34.93,no match,0,1055348,941546,1207507,60.2,66.8,72.0
2,before-mimalloc,34.93,rare literal,524,1651622,1546674,1492657,72.0,93.1,108.5
2,before-mimalloc,34.93,word,2790,1731188,1403704,1750283,71.6,96.7,104.2
2,before-mimalloc,34.93,extension,36494,2476687,2377672,1248361,69.8,95.9,110.8
2,before-mimalloc,34.93,one letter,1893804,93026868,91940886,1585543,530.5,541.0,548.6
2,after-mimalloc,37.72,no match,0,6627,6619,6487,9.9,10.5,11.2
2,after-mimalloc,37.72,rare literal,524,7712,7363,7290,15.8,16.6,19.0
2,after-mimalloc,37.72,word,2790,9177,8726,8191,15.4,16.5,18.4
2,after-mimalloc,37.72,extension,36494,74703,74329,6986,21.5,24.0,24.7
2,after-mimalloc,37.72,one letter,1893804,272074,216291,8676,270.8,282.5,295.6
3,after-system,35.26,no match,0,6614,6609,6477,8.9,9.1,18.0
3,after-system,35.26,rare literal,524,7702,7350,7282,14.5,16.5,24.9
3,after-system,35.26,word,2790,9174,8732,8205,15.7,16.1,16.4
3,after-system,35.26,extension,36494,74695,74332,6978,21.5,22.6,24.1
3,after-system,35.26,one letter,1893804,272072,216280,8692,260.7,273.4,275.5
3,before-mimalloc,32.92,no match,0,1114799,1071378,1223176,53.5,61.9,71.4
3,before-mimalloc,32.92,rare literal,524,1384932,1610128,1614967,73.1,94.8,110.3
3,before-mimalloc,32.92,word,2790,1630946,1704568,1660584,73.6,94.6,113.6
3,before-mimalloc,32.92,extension,36494,2336875,2186957,1307343,75.6,104.4,113.9
3,before-mimalloc,32.92,one letter,1893804,92969035,91908042,1673202,524.1,529.9,546.0
3,after-mimalloc,42.22,no match,0,6627,6609,6476,9.1,10.6,20.3
3,after-mimalloc,42.22,rare literal,524,7701,7355,7278,14.5,15.6,18.6
3,after-mimalloc,42.22,word,2790,9155,8737,8213,15.2,16.1,18.3
3,after-mimalloc,42.22,extension,36494,74697,74334,6982,19.6,22.2,24.4
3,after-mimalloc,42.22,one letter,1893804,272072,216224,8734,263.8,283.8,359.6
3,before-system,40.44,no match,0,834376,1358867,1280358,49.3,62.2,73.2
3,before-system,40.44,rare literal,524,1388237,1237421,1496778,72.6,89.6,97.2
3,before-system,40.44,word,2790,1935870,1873631,1029660,73.2,93.5,100.4
3,before-system,40.44,extension,36494,2443755,2323520,1740243,68.9,102.4,120.6
3,before-system,40.44,one letter,1893804,93159515,92039851,2246535,567.2,582.5,606.4
4,before-mimalloc,37.07,no match,0,971827,1058878,1019009,54.1,67.0,75.4
4,before-mimalloc,37.07,rare literal,524,1295210,1206754,1716170,79.4,87.2,91.7
4,before-mimalloc,37.07,word,2790,1513819,1675224,1663823,71.1,91.6,102.1
4,before-mimalloc,37.07,extension,36494,2475648,2435851,1639185,75.1,90.7,115.9
4,before-mimalloc,37.07,one letter,1893804,93065897,91956311,1631574,522.3,546.4,591.4
4,after-mimalloc,39.36,no match,0,6625,6614,6476,9.0,10.0,11.0
4,after-mimalloc,39.36,rare literal,524,7702,7352,7281,14.9,16.3,17.5
4,after-mimalloc,39.36,word,2790,9169,8721,8194,14.9,17.3,31.1
4,after-mimalloc,39.36,extension,36494,74700,74333,6982,20.7,23.8,25.4
4,after-mimalloc,39.36,one letter,1893804,272071,216279,8691,267.0,276.1,302.4
4,before-system,37.01,no match,0,1071278,1184838,1485071,71.2,87.6,101.5
4,before-system,37.01,rare literal,524,2053335,1660936,2786450,118.4,134.9,145.2
4,before-system,37.01,word,2790,2351087,2087208,2986442,147.3,150.8,165.4
4,before-system,37.01,extension,36494,3096823,2968311,2422117,127.9,144.9,171.2
4,before-system,37.01,one letter,1893804,93357098,92138373,3358477,599.1,620.0,690.8
4,after-system,35.04,no match,0,6616,6622,6478,8.9,9.5,29.0
4,after-system,35.04,rare literal,524,7703,7352,7282,15.1,17.9,19.1
4,after-system,35.04,word,2790,9166,8729,8204,15.7,17.4,17.8
4,after-system,35.04,extension,36494,74696,74332,6984,21.7,23.9,28.1
4,after-system,35.04,one letter,1893804,272056,216227,8733,268.8,275.5,293.2
5,after-mimalloc,34.48,no match,0,6619,6610,6478,8.3,9.5,10.0
5,after-mimalloc,34.48,rare literal,524,7712,7353,7282,14.6,16.3,18.4
5,after-mimalloc,34.48,word,2790,9176,8732,8206,16.2,16.8,17.6
5,after-mimalloc,34.48,extension,36494,74694,74335,6981,22.4,25.2,25.8
5,after-mimalloc,34.48,one letter,1893804,272072,216264,8664,271.0,278.5,290.9
5,before-system,33.32,no match,0,1460144,1455796,1046905,60.8,101.1,114.4
5,before-system,33.32,rare literal,524,2346563,1908450,2136419,130.0,149.6,154.0
5,before-system,33.32,word,2790,2507520,2649573,2455148,110.1,137.3,179.1
5,before-system,33.32,extension,36494,3500368,3307409,2619383,127.5,151.5,162.5
5,before-system,33.32,one letter,1893804,93247744,92099356,2500978,604.2,639.4,668.1
5,after-system,32.69,no match,0,6629,6622,6476,8.6,9.4,10.5
5,after-system,32.69,rare literal,524,7712,7352,7279,15.2,16.8,18.2
5,after-system,32.69,word,2790,9157,8720,8207,15.2,16.5,17.2
5,after-system,32.69,extension,36494,74694,74331,6982,20.4,24.0,25.0
5,after-system,32.69,one letter,1893804,272057,216268,8734,259.5,273.9,282.1
5,before-mimalloc,30.31,no match,0,1101502,970538,1075954,56.7,65.3,78.6
5,before-mimalloc,30.31,rare literal,524,1427871,1201016,1816512,55.0,85.6,96.2
5,before-mimalloc,30.31,word,2790,1465060,1342539,1281499,87.7,98.8,109.3
5,before-mimalloc,30.31,extension,36494,2311946,2288832,1858372,68.2,94.7,114.2
5,before-mimalloc,30.31,one letter,1893804,93062731,91893721,1592266,536.8,544.9,571.7
