round,cond,label,epoch,etime_s,phys_fp,t100_ds,malloc_ds,sys_inuse,rust_live,created,terminated,walk,watchdog,rescan,cpu_s,nthreads,load1
1,A,idle5,1790523057,303,200738472,150667264,31096832,19677216,97105344,792,748,608,38,60,9.53,45,15.41
1,B,idle5,1790523057,303,206571104,156663808,31064064,19794304,93243528,160,113,46,0,4,9.89,47,15.41
1,C,idle5,1790523057,303,146523504,98304,127680512,108948752,0,773,728,592,37,53,10.3,46,15.41
1,D,idle5,1790523058,303,148440480,98304,129646592,108821472,0,175,130,80,0,5,9.25,46,15.41
1,A,idle10,1790523356,602,210224808,158990336,31883264,20413264,106554232,841,796,608,38,65,15.1,46,48.00
1,B,idle10,1790523356,602,217990752,166379520,32505856,20897568,102462960,239,192,46,0,7,15.91,48,48.00
1,C,idle10,1790523357,602,154666352,98304,135544832,117438800,0,820,774,592,37,58,16.14,47,48.00
1,D,idle10,1790523357,602,157058488,98304,137805824,117766816,0,224,176,80,0,7,15.05,48,48.00
1,A,burst,1790523600,846,1192103080,1130102784,34619392,22100352,658411912,2481,2416,1856,116,68,167.38,67,19.17
1,B,burst,1790523600,846,1317555320,1245134848,35192832,22533360,675677712,568,484,46,0,8,160.41,85,19.17
1,C,burst,1790523600,846,2531446336,98304,2494365696,703970432,0,2460,2392,1840,115,61,162.85,70,19.17
1,D,burst,1790523600,845,2578337488,98304,2542026752,688549088,0,553,469,80,0,9,161.57,83,19.17
1,A,s5,1790523899,1145,353193128,291160064,36323328,22174544,126937328,19524,19463,17664,1104,141,221.52,61,90.56
1,B,s5,1790523899,1145,348097608,285097984,36356096,22275632,120796304,757,693,77,0,10,212.12,65,90.56
1,C,s5,1790523899,1145,270911144,98304,246824960,136496224,0,19473,19410,17648,1103,101,221.9,65,90.56
1,D,s5,1790523899,1144,247252744,98304,229130240,137994752,0,744,678,108,0,10,223.97,66,90.56
1,A,s10,1790524199,1445,361745576,297418752,37093376,22592688,134508160,19672,19612,17664,1104,180,229.45,62,7.62
1,B,s10,1790524200,1446,363170888,297467904,37634048,23097824,120394224,865,801,77,0,13,226.35,65,7.62
1,C,s10,1790524200,1446,233014952,98304,206913536,131858352,0,19617,19554,17648,1103,148,235.77,64,7.62
1,D,s10,1790524200,1445,275728160,98304,257654784,142060576,0,848,784,108,0,14,234.51,65,7.62
1,A,s13,1790524381,1627,361598120,296026112,37093376,22574688,134480768,19713,19652,17664,1104,180,231.77,62,63.54
1,B,s13,1790524381,1627,362875952,295911424,37650432,23078000,120221600,905,843,77,0,15,228.9,63,63.54
1,C,s13,1790524381,1627,233752232,98304,206913536,129985808,0,19654,19591,17648,1103,148,238.07,65,63.54
1,D,s13,1790524382,1627,283330312,98304,257654784,140380416,0,886,824,108,0,16,236.85,64,63.54
2,B,idle5,1790524728,301,228394544,178798592,30507008,18848640,93249528,112,64,16,0,3,12.89,48,34.14
2,D,idle5,1790524728,301,138331480,98304,121028608,105998624,0,114,68,16,0,3,12.92,46,34.14
2,A,idle5,1790524728,301,210470400,162643968,29130752,18089680,93453088,295,251,192,12,6,11.98,45,34.14
2,C,idle5,1790524729,301,142705984,98304,127287296,105817824,0,303,258,192,12,7,12.6,46,34.14
2,B,idle10,1790525029,602,240584240,190660608,30801920,18218464,92354624,140,98,16,0,5,18.67,43,9.86
2,D,idle10,1790525029,602,137332056,98304,123682816,104932560,0,139,96,16,0,5,18.82,44,9.86
2,A,idle10,1790525030,603,206423576,158072832,29573120,17953376,91716912,324,282,192,12,7,17.79,44,9.86
2,C,idle10,1790525030,602,143607104,98304,128516096,104722032,0,333,291,192,12,8,18.71,43,9.86
2,B,burst,1790525530,1103,1430704496,1354498048,43171840,23508192,533347976,548,453,16,0,5,245.7,96,21.00
2,D,burst,1790525531,1104,3286962832,98304,3245752320,504311520,0,551,455,16,0,5,246.28,96,21.00
2,A,burst,1790525531,1104,1116557152,784498688,42090496,22681488,499278304,5203,5141,4400,275,33,246.48,63,21.00
2,C,burst,1790525531,1103,3295121752,98304,3263479808,503723744,0,5230,5167,4416,276,34,247.05,63,21.00
2,B,s5,1790525830,1403,517394608,445497344,43237376,23992944,110998544,598,537,47,0,8,254.1,63,4.14
2,D,s5,1790525831,1404,272140064,98304,231997440,123721312,0,598,536,47,0,8,250.65,64,4.14
2,A,s5,1790525831,1404,413896544,344342528,42336256,23183648,118630496,5250,5189,4400,275,35,254.83,62,4.14
2,C,s5,1790525831,1403,302941960,98304,280477696,123654352,0,5274,5213,4416,276,36,255.42,63,4.14
2,B,s10,1790526134,1707,526913712,454950912,43286528,24087808,130108840,678,616,47,0,9,269.18,63,63.23
2,D,s10,1790526134,1707,351078200,98304,310673408,155466160,0,691,627,47,0,9,264.96,64,63.23
2,A,s10,1790526134,1707,411832112,340475904,42385408,23486224,132011152,5351,5291,4400,275,48,270.66,61,63.23
2,C,s10,1790526134,1706,372901664,98304,344391680,144257536,0,5362,5301,4416,276,41,271.52,62,63.23
2,B,s13,1790526310,1883,493670600,420413440,44007424,24877312,129058200,758,696,47,0,9,283.52,64,16.47
2,D,s13,1790526310,1883,492226480,98304,445906944,145336480,0,768,705,47,0,10,283.48,65,16.47
2,A,s13,1790526310,1883,405213000,330825728,43139072,24463200,131757176,5461,5401,4400,275,80,282.42,62,16.47
2,C,s13,1790526310,1882,384681784,98304,354140160,145151776,0,5475,5414,4416,276,79,282.22,63,16.47
3,C,idle5,1790526658,302,166331760,98304,148586496,103867200,0,314,268,192,12,14,11.44,47,7.95
3,A,idle5,1790526659,303,234751560,185090048,30785536,18085904,91617856,312,267,192,12,14,10.85,46,7.95
3,D,idle5,1790526659,303,162514336,98304,143900672,104626864,0,112,66,16,0,3,13.5,47,7.95
3,B,idle5,1790526659,303,219383344,167411712,33243136,18510128,91551184,112,67,16,0,3,12.92,46,7.95
3,C,idle10,1790526956,600,141428080,98304,123191296,103997296,0,337,291,192,12,14,15.03,48,10.06
3,A,idle10,1790526956,600,234309192,184336384,30916608,18109424,91889744,333,288,192,12,15,14.86,47,10.06
3,D,idle10,1790526956,600,139298184,98304,120586240,104600720,0,133,88,16,0,5,18.24,47,10.06
3,B,idle10,1790526956,600,221595160,169394176,33308672,18462608,91836680,134,90,16,0,5,16.54,45,10.06
3,C,burst,1790527201,845,2687749960,98304,2662514688,489910928,0,2752,2686,2192,137,14,163.24,66,7.14
3,A,burst,1790527202,846,1152158840,1082654720,34553856,21223584,494484264,2792,2728,2192,137,15,164.73,64,7.14
3,D,burst,1790527202,846,2345782800,98304,2329821184,509529760,0,436,357,16,0,5,166.48,64,7.14
3,B,burst,1790527202,846,1143147688,1070317568,36257792,21086800,505130552,437,358,16,0,5,165.46,63,7.14
3,C,s5,1790527501,1145,375588616,98304,353402880,107501056,0,2844,2781,2192,137,16,167.1,65,2.85
3,A,s5,1790527501,1145,448793720,387104768,35094528,21605984,97021752,2833,2772,2192,137,18,173.33,62,2.85
3,D,s5,1790527502,1146,154322528,98304,133775360,112141456,0,529,468,32,0,6,171.37,63,2.85
3,B,s5,1790527502,1146,413879464,341082112,36569088,21213360,95004808,527,466,32,0,6,169.7,61,2.85
3,C,s10,1790527801,1445,176588408,98304,155893760,108775632,0,2903,2840,2192,137,19,175.41,64,7.16
3,A,s10,1790527801,1445,476941432,414515200,35438592,21972704,98598504,2882,2821,2192,137,20,177.55,62,7.16
3,D,s10,1790527801,1445,202213032,98304,184762368,113691200,0,587,524,32,0,7,180.01,63,7.16
3,B,s10,1790527801,1445,432016552,358842368,36880384,21659936,97182528,585,525,32,0,8,178.12,61,7.16
3,C,s13,1790527982,1626,232179344,98304,237027328,173970480,0,2976,2912,2192,137,27,226.66,66,39.16
3,A,s13,1790527982,1626,541805688,478806016,35831808,22667152,148815520,2952,2890,2192,137,28,227.63,65,39.16
3,D,s13,1790527982,1626,261981912,98304,259653632,158259440,0,658,591,32,0,8,229.04,69,39.16
3,B,s13,1790527983,1627,516869312,443449344,36995072,22026656,146446440,652,590,32,0,9,230.08,64,39.16
4,D,idle5,1790528324,302,173720992,98304,157777920,138342592,0,127,79,16,0,2,55.46,48,31.59
4,B,idle5,1790528324,302,279430752,226869248,33538048,18332032,133322656,129,78,16,0,2,55.85,51,31.59
4,C,idle5,1790528324,302,192873936,98304,174080000,139715712,0,360,315,224,14,22,60,45,31.59
4,A,idle5,1790528324,302,268519008,216514560,32866304,17981744,131544008,493,448,224,14,141,57.68,46,31.59
4,D,idle10,1790528624,602,163743136,98304,147357696,127800736,0,160,113,16,0,7,61.93,48,5.01
4,B,idle10,1790528624,602,268109408,214925312,33783808,18638688,121792280,181,132,16,0,8,62.1,50,5.01
4,C,idle10,1790528624,602,183354832,98304,168050688,129271296,0,399,354,224,14,38,66.71,46,5.01
4,A,idle10,1790528624,602,269059680,222494720,27181056,18304848,124124984,562,516,224,14,158,64.34,47,5.01
4,D,burst,1790528996,974,1955990888,98304,1971552256,499930496,0,533,451,16,0,7,320.74,83,10.22
4,B,burst,1790528996,974,1097993936,1027325952,37388288,21243904,496075544,545,462,16,0,8,321.28,83,10.22
4,C,burst,1790528996,974,1907641584,98304,1920106496,501119232,0,2882,2819,2224,139,40,323.1,64,10.22
4,A,burst,1790528996,974,1068404432,1006419968,30818304,20653200,493990024,2265,2200,1456,91,159,301.9,65,10.22
4,D,s5,1790529295,1273,218498728,98304,197541888,116968320,0,711,647,32,0,10,334.53,65,24.61
4,B,s5,1790529296,1274,371527280,306888704,37519360,21561840,112642560,721,655,32,0,11,335.99,67,24.61
4,C,s5,1790529296,1274,171853384,98304,147324928,118458544,0,3114,3053,2224,139,89,336.84,62,24.61
4,A,s5,1790529296,1274,349245136,290308096,31129600,21164704,108870720,2426,2364,1456,91,191,316.63,63,24.61
4,D,s10,1790529596,1574,281216704,98304,260374528,121125520,0,829,766,32,0,15,347.23,64,9.13
4,B,s10,1790529596,1574,380685936,314638336,38551552,22258752,115189784,844,779,32,0,16,349.75,66,9.13
4,C,s10,1790529596,1574,223331960,98304,196984832,122349856,0,3253,3192,2224,139,112,345.74,62,9.13
4,A,s10,1790529596,1574,373313232,309952512,35487744,21664560,111979152,2570,2508,1456,91,218,325.13,63,9.13
4,D,s13,1790529777,1755,281986728,98304,260866048,121511872,0,880,818,32,0,16,349.74,64,4.92
4,B,s13,1790529777,1755,374640240,308690944,38764544,22586096,114150416,893,829,32,0,17,352.24,66,4.92
4,C,s13,1790529777,1755,223725176,98304,197345280,122927824,0,3304,3243,2224,139,112,348.34,63,4.92
4,A,s13,1790529778,1756,344182480,280592384,35586048,21832160,112334400,2614,2552,1456,91,218,327.67,63,4.92
5,A,idle5,1790530118,303,194495976,142950400,32849920,17289904,92179800,313,268,192,12,12,8.24,46,4.07
5,C,idle5,1790530118,302,148538736,98304,129974272,104762656,0,309,265,192,12,12,8.2,45,4.07
5,B,idle5,1790530118,302,189859352,138346496,32702464,17591504,93287160,137,89,16,0,2,8.16,50,4.07
5,D,idle5,1790530118,302,148473224,98304,129679360,104842912,0,139,91,16,0,2,8.11,49,4.07
5,A,idle10,1790530418,603,197232128,147439616,30769152,17565392,93962776,357,312,192,12,27,12.55,46,8.60
5,C,idle10,1790530418,602,142869872,98304,124469248,105304144,0,353,309,192,12,26,12.82,45,8.60
5,B,idle10,1790530418,602,192316952,142819328,30523392,17866288,95369120,178,131,16,0,5,12.39,48,8.60
5,D,idle10,1790530418,602,143689096,98304,125517824,105451456,0,188,141,16,0,5,12.21,48,8.60
5,A,burst,1790530718,903,1049120008,975667200,34029568,20099280,477945272,1953,1890,1424,89,29,229.25,65,12.66
5,C,burst,1790530718,902,2887700464,98304,2866380800,612380544,0,1949,1886,1424,89,28,229.34,64,12.66
5,B,burst,1790530718,902,1083723208,1019117568,34357248,20693712,478896856,481,398,16,0,6,230.3,83,12.66
5,D,burst,1790530718,902,2696400952,98304,2659680256,610736208,0,499,418,16,0,7,140.26,81,12.66
5,A,s5,1790531018,1203,364727560,302825472,34193408,20106096,97012032,2047,1986,1424,89,30,233.01,62,2.82
5,C,s5,1790531018,1202,155616888,98304,131235840,110627056,0,2042,1981,1424,89,29,232.93,62,2.82
5,B,s5,1790531018,1202,371821904,311705600,34422784,20570160,97664432,573,511,32,0,9,233.71,63,2.82
5,D,s5,1790531018,1202,150996600,98304,128335872,109298768,0,603,541,32,0,8,144.38,62,2.82
5,A,s10,1790531318,1503,376048904,313966592,34242560,20213856,97171256,2093,2032,1424,89,31,237.08,63,2.38
5,C,s10,1790531318,1502,158271096,98304,131334144,110829584,0,2090,2029,1424,89,29,236.58,63,2.38
5,B,s10,1790531318,1502,339987792,279347200,34488320,20634416,98190520,619,557,32,0,9,237.07,63,2.38
5,D,s10,1790531318,1502,153814648,98304,128401408,109346752,0,654,592,32,0,9,147.74,63,2.38
5,A,s13,1790531499,1684,381357320,319422464,34275328,20238144,97653880,2117,2056,1424,89,32,239.46,62,3.49
5,C,s13,1790531499,1683,159188600,98304,131530752,110864176,0,2112,2051,1424,89,30,238.74,62,3.49
5,B,s13,1790531499,1683,337956176,277348352,34504704,20646560,98596904,642,580,32,0,10,239.2,63,3.49
5,D,s13,1790531499,1683,154633848,98304,128581632,109463024,0,675,613,32,0,10,149.96,63,3.49
